-6.247057,53.339825
-6.260182,53.339831
-6.251926,53.339835
-6.260826,53.339846
-6.260311,53.339867
-6.247189,53.339875
-6.260941,53.339886
-6.25863,53.339895
-6.260435,53.339898
-6.260697,53.339899
-6.255793,53.339901
-6.260503,53.339908
-6.251855,53.339915
-6.256712,53.339917
-6.260639,53.339918
-6.247319,53.339927
-6.258607,53.339977
-6.260861,53.339981
-6.255746,53.339984
-6.256665,53.339987
-6.251785,53.339992
-6.24751,53.340006
-6.256624,53.340055
-6.24764,53.340055
-6.258578,53.340062
-6.255698,53.34007
-6.251715,53.34007
-6.251679,53.34011
-6.247837,53.340127
-6.256577,53.340144
-6.255652,53.340157
-6.258543,53.340162
-6.255733,53.340187
-6.258625,53.340191
-6.251607,53.340191
-6.248034,53.340197
-6.25589,53.340208
-6.258535,53.340212
-6.258753,53.340213
-6.256535,53.340223
-6.256039,53.34023
-6.261872,53.340237
-6.248166,53.340244
-6.255606,53.340245
-6.256184,53.340256
-6.251534,53.340272
-6.256326,53.340284
-6.248297,53.34029
-6.258513,53.340309
-6.256537,53.340327
-6.262303,53.340329
-6.248429,53.340336
-6.255556,53.34035
-6.25146,53.340354
-6.256756,53.340366
-6.248561,53.340381
-6.256902,53.340393
-6.258486,53.340406
-6.257049,53.340416
-6.263561,53.340418
-6.255513,53.340424
-6.262735,53.340425
-6.248692,53.340425
-6.251383,53.340436
-6.257196,53.340441
-6.262859,53.34046
-6.257342,53.340467
-6.248823,53.34047
-6.263006,53.34049
-6.258459,53.3405
-6.26352,53.34051
-6.262816,53.340511
-6.251301,53.340514
-6.248953,53.340514
-6.255464,53.340515
-6.263149,53.340516
-6.25744,53.34053
-6.263494,53.340557
-6.249083,53.340559
-6.262703,53.340586
-6.258433,53.34059
-6.251215,53.340593
-6.249199,53.3406
-6.263263,53.340602
-6.255411,53.340607
-6.257403,53.340626
-6.249279,53.340627
-6.263437,53.340647
-6.262621,53.340662
-6.24941,53.340674
-6.251127,53.340674
-6.258407,53.340678
-6.255358,53.340698
-6.257364,53.340715
-6.249541,53.34072
-6.263392,53.340736
-6.251079,53.340753
-6.258381,53.340763
-6.249669,53.340766
-6.262561,53.340776
-6.250996,53.340794
-6.25535,53.340794
-6.257326,53.340802
-6.26337,53.340809
-6.249797,53.340812
-6.262512,53.340824
-6.26341,53.340825
-6.246735,53.34084
-6.258356,53.340852
-6.261356,53.340853
-6.255495,53.340855
-6.249922,53.340856
-6.261507,53.340863
-6.25092,53.340869
-6.255647,53.340879
-6.263455,53.340881
-6.246867,53.340887
-6.261676,53.340889
-6.25729,53.34089
-6.255282,53.340895
-6.250045,53.3409
-6.255798,53.340911
-6.262447,53.340914
-6.263385,53.340914
-6.261798,53.340915
-6.261946,53.340936
-6.261285,53.340936
-6.247001,53.340937
-6.258331,53.34094
-6.255946,53.34094
-6.250848,53.340944
-6.261613,53.340947
-6.262095,53.340956
-6.262252,53.340959
-6.263523,53.34096
-6.250224,53.340964
-6.256095,53.340966
-6.255206,53.340972
-6.257254,53.340978
-6.258319,53.340984
-6.256241,53.340992
-6.262497,53.340992
-6.262346,53.341002
-6.263342,53.341002
-6.247196,53.341007
-6.261236,53.341013
-6.256388,53.341017
-6.25037,53.341017
-6.250775,53.341021
-6.261544,53.341031
-6.26264,53.341032
-6.256533,53.341043
-6.263318,53.34105
-6.247332,53.341051
-6.257219,53.341062
-6.255149,53.341062
-6.262257,53.341065
-6.258295,53.341069
-6.256675,53.34107
-6.250518,53.341075
-6.262784,53.341076
-6.247467,53.341092
-6.261184,53.341094
-6.256823,53.341101
-6.261486,53.341113
-6.262912,53.341119
-6.250658,53.341129
-6.247602,53.341135
-6.263256,53.341138
-6.262175,53.341141
-6.255094,53.341145
-6.258271,53.341154
-6.263042,53.341157
-6.257023,53.34116
-6.250768,53.341162
-6.263175,53.341177
-6.261128,53.341178
-6.24773,53.341184
-6.257194,53.341187
-6.257336,53.341196
-6.261426,53.341199
-6.250862,53.341206
-6.257469,53.341216
-6.262091,53.341217
-6.24786,53.34123
-6.255048,53.341235
-6.257613,53.341237
-6.250596,53.341239
-6.257,53.341247
-6.250998,53.341254
-6.257761,53.341255
-6.258223,53.341268
-6.261066,53.341271
-6.257917,53.341274
-6.247988,53.341277
-6.261358,53.341277
-6.258068,53.34129
-6.262011,53.341293
-6.251132,53.341299
-6.248053,53.341315
-6.252441,53.341319
-6.250525,53.341326
-6.263124,53.341326
-6.261026,53.341326
-6.256959,53.341336
-6.25499,53.341339
-6.251269,53.341345
-6.261257,53.341345
-6.24818,53.341351
-6.261932,53.341371
-6.250481,53.34139
-6.251408,53.34139
-6.252363,53.341394
-6.248303,53.3414
-6.26306,53.341409
-6.260974,53.341419
-6.25494,53.341421
-6.256916,53.341425
-6.251547,53.341435
-6.261853,53.341451
-6.246787,53.341451
-6.250446,53.341465
-6.246937,53.341466
-6.2485,53.341468
-6.252286,53.34147
-6.247085,53.341476
-6.251683,53.34148
-6.253932,53.34149
-6.247239,53.341491
-6.262997,53.341492
-6.254956,53.341504
-6.26091,53.341507
-6.247361,53.341507
-6.256876,53.341515
-6.247516,53.341522
-6.251817,53.341524
-6.247677,53.341533
-6.261772,53.341534
-6.248589,53.341536
-6.247341,53.341542
-6.247831,53.341549
-6.254868,53.341551
-6.252216,53.341551
-6.255077,53.341556
-6.247986,53.341564
-6.250356,53.341565
-6.251961,53.341573
-6.262933,53.341574
-6.255212,53.341574
-6.24814,53.341577
-6.258224,53.341578
-6.260855,53.341589
-6.248295,53.341589
-6.255359,53.34159
-6.247335,53.341599
-6.253864,53.341599
-6.256836,53.341605
-6.24842,53.341608
-6.261693,53.341612
-6.248608,53.341614
-6.255502,53.341615
-6.2521,53.341619
-6.248698,53.34162
-6.256919,53.341625
-6.254822,53.341634
-6.255646,53.341641
-6.248894,53.341649
-6.256816,53.341649
-6.250492,53.341656
-6.257078,53.341657
-6.262872,53.341657
-6.25579,53.341668
-6.25821,53.341669
-6.24904,53.341677
-6.2572,53.341681
-6.253814,53.341682
-6.250263,53.341684
-6.261619,53.341688
-6.252327,53.341689
-6.247307,53.341691
-6.250616,53.341692
-6.255934,53.341696
-6.249188,53.341713
-6.254775,53.341719
-6.256079,53.341724
-6.256775,53.341737
-6.262812,53.341744
-6.250781,53.34175
-6.256226,53.341753
-6.249331,53.341757
-6.258183,53.341758
-6.250202,53.34176
-6.26154,53.341765
-6.252467,53.341768
-6.253761,53.34177
-6.256375,53.341782
-6.247283,53.341782
-6.249541,53.341787
-6.258266,53.34179
-6.249397,53.341797
-6.250919,53.341799
-6.254729,53.341805
-6.258414,53.341807
-6.25653,53.341813
-6.250272,53.341818
-6.258566,53.341821
-6.250081,53.341823
-6.256161,53.341823
-6.258059,53.341823
-6.256734,53.341825
-6.26275,53.341827
-6.249758,53.341829
-6.246789,53.341833
-6.258716,53.341835
-6.246942,53.341835
-6.251058,53.341839
-6.249831,53.341844
-6.261467,53.341845
-6.249943,53.341849
-6.253724,53.341851
-6.258861,53.341858
-6.252523,53.341866
-6.247258,53.341867
-6.24938,53.341876
-6.259107,53.341881
-6.252555,53.341888
-6.251209,53.341889
-6.252708,53.34189
-6.254682,53.341892
-6.250352,53.341897
-6.252877,53.341902
-6.261419,53.341906
-6.250124,53.341907
-6.256104,53.341909
-6.262684,53.341912
-6.252406,53.341914
-6.258872,53.341918
-6.253042,53.341922
-6.251339,53.341922
-6.250407,53.341932
-6.250267,53.341935
-6.250553,53.341949
-6.25319,53.341949
-6.256672,53.341951
-6.249324,53.341953
-6.258094,53.34196
-6.252265,53.341961
-6.250464,53.341967
-6.247232,53.341967
-6.25601,53.341967
-6.253368,53.341968
-6.26137,53.341968
-6.254634,53.341981
-6.250722,53.341991
-6.253489,53.341995
-6.262622,53.341997
-6.258853,53.342009
-6.25213,53.342013
-6.263534,53.342018
-6.253623,53.342024
-6.249264,53.342037
-6.256627,53.342039
-6.25594,53.34204
-6.253765,53.342054
-6.247208,53.342061
-6.250824,53.342064
-6.252003,53.342066
-6.250516,53.342067
-6.25062,53.342072
-6.254588,53.342074
-6.253195,53.34208
-6.253905,53.342084
-6.262576,53.342087
-6.261274,53.342089
-6.250966,53.342092
-6.263481,53.342095
-6.253295,53.342096
-6.258825,53.342097
-6.255748,53.342097
-6.254045,53.342115
-6.251879,53.342117
-6.253417,53.342123
-6.249215,53.342123
-6.251117,53.342127
-6.251576,53.342138
-6.254184,53.342145
-6.247184,53.342148
-6.253549,53.342153
-6.251748,53.342161
-6.250538,53.342165
-6.252959,53.342166
-6.251306,53.342168
-6.261206,53.342168
-6.254323,53.342176
-6.262529,53.342176
-6.253688,53.342182
-6.263423,53.342183
-6.255698,53.342184
-6.258785,53.342185
-6.251451,53.342187
-6.254461,53.342205
-6.253816,53.34221
-6.249173,53.34221
-6.246808,53.34221
-6.254532,53.34222
-6.262505,53.342221
-6.252914,53.342235
-6.247155,53.342235
-6.253949,53.342241
-6.246946,53.342247
-6.254676,53.342248
-6.261136,53.342249
-6.250476,53.342251
-6.263373,53.342267
-6.258751,53.342273
-6.254822,53.342276
-6.247084,53.342281
-6.249114,53.342294
-6.247153,53.3423
-6.262452,53.342305
-6.254968,53.342307
-6.254249,53.342308
-6.257987,53.342318
-6.251524,53.342323
-6.261068,53.342332
-6.247288,53.342336
-6.254375,53.342337
-6.255111,53.342338
-6.250419,53.342344
-6.255605,53.342345
-6.263318,53.342352
-6.252912,53.34236
-6.258727,53.342364
-6.255257,53.342369
-6.254511,53.34237
-6.247425,53.342373
-6.249053,53.342377
-6.262393,53.342389
-6.256438,53.342389
-6.254645,53.3424
-6.255405,53.342402
-6.257956,53.342406
-6.247565,53.342411
-6.260999,53.342411
-6.247619,53.342419
-6.252828,53.342424
-6.254787,53.34243
-6.250365,53.342433
-6.251435,53.342433
-6.255559,53.342436
-6.263264,53.342437
-6.247673,53.342438
-6.255679,53.342451
-6.2587,53.342455
-6.254924,53.342458
-6.24899,53.342463
-6.255704,53.342468
-6.256393,53.34247
-6.262334,53.342473
-6.247844,53.34248
-6.260926,53.342494
-6.255847,53.342498
-6.252803,53.342504
-6.255999,53.342509
-6.247978,53.342513
-6.250313,53.342518
-6.247613,53.34252
-6.25518,53.34252
-6.251311,53.342523
-6.248119,53.342532
-6.251628,53.342534
-6.251567,53.342534
-6.255341,53.342546
-6.256318,53.342547
-6.247024,53.342551
-6.248924,53.342551
-6.251688,53.342552
-6.256147,53.342556
-6.262274,53.342557
-6.251832,53.342566
-6.252782,53.342566
-6.255475,53.342571
-6.260851,53.342578
-6.251965,53.342579
-6.248228,53.34258
-6.256284,53.342582
-6.252068,53.342587
-6.248892,53.342595
-6.251276,53.342596
-6.247559,53.342597
-6.248295,53.342599
-6.252203,53.342602
-6.250262,53.342602
-6.246812,53.342605
-6.24715,53.342611
-6.252339,53.342615
-6.256427,53.342615
-6.255751,53.342616
-6.24901,53.342625
-6.252454,53.342628
-6.255731,53.342633
-6.248431,53.342634
-6.262217,53.342637
-6.252757,53.342641
-6.252591,53.342645
-6.256569,53.342648
-6.247312,53.342652
-6.249146,53.342654
-6.260782,53.342659
-6.248566,53.342668
-6.248786,53.342678
-6.256704,53.34268
-6.249296,53.342682
-6.24752,53.342683
-6.247456,53.342684
-6.25021,53.342686
-6.247548,53.342695
-6.248723,53.342703
-6.256838,53.342711
-6.25119,53.342719
-6.252732,53.34272
-6.262156,53.342721
-6.247684,53.342735
-6.260708,53.342739
-6.25697,53.342744
-6.247845,53.342772
-6.250156,53.342774
-6.2571,53.342777
-6.248728,53.342779
-6.252712,53.342788
-6.251135,53.342797
-6.257229,53.342812
-6.247976,53.342814
-6.255709,53.34282
-6.260653,53.34283
-6.263014,53.342831
-6.257621,53.342845
-6.257362,53.342846
-6.252694,53.342849
-6.250102,53.342863
-6.251091,53.342873
-6.257496,53.342881
-6.248663,53.342888
-6.260819,53.342909
-6.255703,53.34291
-6.262962,53.342911
-6.251051,53.342914
-6.257639,53.342916
-6.252679,53.342923
-6.250049,53.342949
-6.257786,53.342949
-6.260958,53.342957
-6.248612,53.342969
-6.25794,53.342983
-6.261089,53.342998
-6.258019,53.343
-6.251021,53.343006
-6.26123,53.343019
-6.261386,53.343022
-6.263438,53.343027
-6.26153,53.343029
-6.263285,53.343031
-6.258187,53.343035
-6.263094,53.343036
-6.249996,53.343037
-6.26168,53.343038
-6.262923,53.34304
-6.262766,53.343043
-6.26269,53.343044
-6.262534,53.343046
-6.262391,53.343046
-6.262244,53.343047
-6.248552,53.343051
-6.26183,53.343052
-6.262092,53.343055
-6.258347,53.343067
-6.252643,53.343069
-6.261978,53.343082
-6.250984,53.343083
-6.255692,53.343089
-6.250947,53.343089
-6.252032,53.343092
-6.25211,53.343093
-6.252255,53.343097
-6.258517,53.343101
-6.258886,53.343103
-6.252359,53.343112
-6.251963,53.343119
-6.249944,53.343123
-6.262673,53.343132
-6.248492,53.343133
-6.258708,53.343138
-6.252466,53.343145
-6.25599,53.343159
-6.251894,53.343165
-6.258833,53.343166
-6.261978,53.343169
-6.250892,53.343174
-6.252587,53.343194
-6.249843,53.343203
-6.259002,53.343203
-6.24843,53.343216
-6.251894,53.343217
-6.262648,53.343231
-6.259136,53.343251
-6.252599,53.343254
-6.261955,53.343261
-6.255662,53.343262
-6.255896,53.343273
-6.255741,53.343274
-6.249793,53.343284
-6.248368,53.3433
-6.25189,53.343309
-6.250902,53.343316
-6.259228,53.343317
-6.256277,53.34332
-6.255644,53.34332
-6.262628,53.343322
-6.248861,53.343329
-6.252579,53.343338
-6.261917,53.34335
-6.249028,53.343362
-6.255629,53.343374
-6.248306,53.343384
-6.251881,53.343396
-6.249098,53.343397
-6.259268,53.343399
-6.262611,53.343407
-6.256258,53.34341
-6.25256,53.343424
-6.261869,53.343436
-6.250772,53.343438
-6.257361,53.343446
-6.249689,53.343456
-6.249436,53.343467
-6.248242,53.34347
-6.257132,53.343475
-6.249244,53.343476
-6.256306,53.343481
-6.259266,53.343485
-6.251867,53.343492
-6.24931,53.343492
-6.249666,53.343497
-6.257234,53.343501
-6.252515,53.343515
-6.262589,53.343519
-6.261811,53.343525
-6.252068,53.343525
-6.252224,53.343526
-6.252353,53.343527
-6.252443,53.34353
-6.250765,53.343531
-6.257381,53.343536
-6.250846,53.343547
-6.250997,53.343554
-6.248173,53.343556
-6.250774,53.343557
-6.251792,53.343557
-6.251347,53.343566
-6.251096,53.343566
-6.249205,53.343566
-6.249391,53.343569
-6.251215,53.343571
-6.259238,53.343572
-6.249669,53.343573
-6.26172,53.343576
-6.251615,53.343577
-6.262555,53.343586
-6.251489,53.343589
-6.251641,53.34359
-6.252504,53.343599
-6.262421,53.343607
-6.26158,53.343618
-6.262275,53.343627
-6.251795,53.343631
-6.259141,53.343632
-6.248098,53.343642
-6.261862,53.343643
-6.250757,53.343649
-6.249856,53.343656
-6.246835,53.343657
-6.259208,53.343661
-6.249614,53.343664
-6.261441,53.34367
-6.250776,53.343676
-6.252471,53.343686
-6.246991,53.343686
-6.261957,53.34371
-6.262252,53.343711
-6.247145,53.343716
-6.261314,53.343716
-6.25018,53.343717
-6.251806,53.34372
-6.248019,53.343726
-6.251945,53.343729
-6.252053,53.34373
-6.256309,53.343734
-6.252213,53.343737
-6.256118,53.343741
-6.259187,53.343747
-6.247297,53.343747
-6.250773,53.343748
-6.252362,53.34375
-6.249566,53.343752
-6.261193,53.34376
-6.249777,53.343766
-6.252458,53.343771
-6.249846,53.343774
-6.247445,53.343776
-6.256248,53.343778
-6.26205,53.343783
-6.255991,53.343796
-6.249945,53.343799
-6.247589,53.343805
-6.261064,53.343806
-6.250758,53.343811
-6.262193,53.343815
-6.247933,53.343815
-6.247409,53.34382
-6.250731,53.34383
-6.251808,53.34383
-6.259175,53.343831
-6.250091,53.343832
-6.247732,53.343833
-6.24952,53.343839
-6.2609,53.343862
-6.250247,53.343865
-6.263515,53.343873
-6.260814,53.343873
-6.249426,53.343875
-6.263377,53.343878
-6.262172,53.343878
-6.263222,53.343884
-6.248015,53.343891
-6.250364,53.343892
-6.263067,53.343896
-6.260866,53.343902
-6.252436,53.343903
-6.262882,53.343904
-6.250546,53.343909
-6.262728,53.343909
-6.262577,53.343915
-6.251787,53.343915
-6.250477,53.343916
-6.25602,53.343917
-6.250703,53.343918
-6.262437,53.34392
-6.248155,53.34392
-6.259172,53.343921
-6.262316,53.343932
-6.248292,53.343948
-6.254901,53.343954
-6.250438,53.343956
-6.255053,53.343957
-6.252431,53.343958
-6.254735,53.343963
-6.255207,53.343968
-6.249472,53.343969
-6.254878,53.343971
-6.254985,53.343971
-6.24843,53.343976
-6.255511,53.343981
-6.255355,53.343982
-6.250753,53.343984
-6.262301,53.343988
-6.25566,53.343989
-6.255485,53.343989
-6.251756,53.34399
-6.255731,53.343999
-6.260854,53.344002
-6.248563,53.344003
-6.255855,53.344004
-6.254685,53.344005
-6.255993,53.344007
-6.256069,53.344015
-6.248625,53.344016
-6.250835,53.34403
-6.25622,53.34403
-6.25637,53.344034
-6.250373,53.344036
-6.256525,53.344036
-6.246694,53.34404
-6.24875,53.344043
-6.249303,53.344047
-6.256477,53.344049
-6.256833,53.344049
-6.248598,53.34405
-6.250363,53.344054
-6.256595,53.344055
-6.256981,53.344055
-6.249479,53.344057
-6.256713,53.344059
-6.250958,53.344061
-6.251136,53.344063
-6.251495,53.344064
-6.251124,53.344065
-6.251281,53.344066
-6.257285,53.344069
-6.251437,53.34407
-6.262362,53.344071
-6.25709,53.344074
-6.257477,53.344074
-6.252411,53.344075
-6.248917,53.344077
-6.254681,53.344078
-6.257214,53.344078
-6.251813,53.344082
-6.257354,53.344083
-6.259226,53.344093
-6.257624,53.344095
-6.251643,53.344099
-6.260853,53.3441
-6.24907,53.344108
-6.25195,53.344114
-6.25208,53.344117
-6.246738,53.344119
-6.252225,53.344126
-6.24954,53.344139
-6.249217,53.34414
-6.248551,53.344141
-6.252445,53.344145
-6.262386,53.344152
-6.254667,53.344156
-6.256358,53.344156
-6.249289,53.344157
-6.25026,53.344163
-6.255978,53.344174
-6.259277,53.344175
-6.252493,53.344181
-6.249445,53.344191
-6.249651,53.3442
-6.246786,53.344203
-6.250177,53.344214
-6.249191,53.344214
-6.252621,53.344215
-6.262259,53.344217
-6.249597,53.344221
-6.25273,53.344227
-6.262075,53.344228
-6.260852,53.344229
-6.248503,53.34423
-6.256349,53.344231
-6.262535,53.344233
-6.262635,53.344233
-6.2498,53.344236
-6.263461,53.344247
-6.262406,53.344248
-6.263343,53.34425
-6.263214,53.344251
-6.261552,53.344255
-6.25933,53.344259
-6.255969,53.34426
-6.263058,53.344261
-6.2614,53.344262
-6.249953,53.344268
-6.262907,53.34427
-6.261251,53.34427
-6.263306,53.344277
-6.262758,53.344277
-6.261097,53.344278
-6.252966,53.34428
-6.25328,53.344281
-6.260953,53.344285
-6.26257,53.344287
-6.246836,53.344289
-6.260802,53.344292
-6.252897,53.344294
-6.249143,53.344297
-6.260649,53.344298
-6.250097,53.344298
-6.253443,53.344299
-6.262164,53.344299
-6.25634,53.344304
-6.260502,53.344305
-6.261858,53.344308
-6.253425,53.344308
-6.253088,53.344311
-6.261771,53.344313
-6.260351,53.344313
-6.248466,53.344315
-6.261616,53.344326
-6.26019,53.344332
-6.250174,53.344333
-6.253571,53.344335
-6.253194,53.344338
-6.254651,53.344339
-6.261476,53.344341
-6.25596,53.344344
-6.25031,53.344345
-6.259382,53.344347
-6.259931,53.344348
-6.253724,53.34435
-6.260032,53.344355
-6.253785,53.344356
-6.261307,53.344359
-6.259785,53.344367
-6.256331,53.344367
-6.263355,53.344372
-6.253913,53.344373
-6.246888,53.344374
-6.250454,53.344376
-6.26117,53.344376
-6.249096,53.344383
-6.250527,53.344392
-6.261011,53.344395
-6.254022,53.344395
-6.248416,53.344401
-6.259651,53.344403
-6.254223,53.344403
-6.25332,53.344408
-6.260805,53.344412
-6.246914,53.344417
-6.254137,53.344423
-6.260619,53.344425
-6.249071,53.344427
-6.250674,53.344428
-6.261812,53.34443
-6.254205,53.344432
-6.25043,53.344436
-6.262629,53.344437
-6.260476,53.344442
-6.259545,53.344446
-6.260305,53.344456
-6.253784,53.344459
-6.260216,53.344462
-6.250813,53.344463
-6.25057,53.344464
-6.25632,53.344465
-6.26002,53.344468
-6.263359,53.344473
-6.260061,53.344475
-6.259175,53.344481
-6.248343,53.344485
-6.253262,53.344491
-6.259489,53.344496
-6.259323,53.3445
-6.246967,53.344505
-6.260934,53.344505
-6.253988,53.344506
-6.254616,53.344509
-6.259848,53.344515
-6.249019,53.344519
-6.253908,53.344522
-6.261804,53.344522
-6.251101,53.344542
-6.25406,53.344544
-6.259707,53.344556
-6.255928,53.344559
-6.25961,53.344562
-6.263367,53.344564
-6.251242,53.344574
-6.2483,53.344578
-6.259433,53.344578
-6.254579,53.344579
-6.254713,53.344584
-6.25418,53.344587
-6.254818,53.344588
-6.247021,53.344593
-6.251488,53.344594
-6.260981,53.344598
-6.254969,53.3446
-6.251383,53.344603
-6.25422,53.344607
-6.255308,53.344608
-6.255117,53.344609
-6.255272,53.34461
-6.248964,53.34461
-6.261805,53.344613
-6.255441,53.344615
-6.256306,53.34462
-6.259522,53.344624
-6.2557,53.344627
-6.255811,53.344631
-6.255877,53.344632
-6.255581,53.344635
-6.251594,53.344643
-6.254528,53.344649
-6.254373,53.344649
-6.263364,53.344654
-6.25937,53.344656
-6.248257,53.344663
-6.251728,53.344667
-6.261053,53.344677
-6.247073,53.344682
-6.251481,53.344682
-6.254523,53.344687
-6.256416,53.344689
-6.256526,53.344692
-6.261807,53.344694
-6.256665,53.344694
-6.25613,53.344696
-6.251908,53.3447
-6.256118,53.3447
-6.256877,53.344702
-6.256721,53.344706
-6.256272,53.344708
-6.248914,53.344711
-6.257395,53.344716
-6.257007,53.344718
-6.257172,53.34472
-6.25714,53.344722
-6.252059,53.344727
-6.25634,53.344733
-6.259286,53.344734
-6.254637,53.344738
-6.263364,53.344742
-6.248209,53.344746
-6.257632,53.344748
-6.257322,53.344748
-6.256057,53.344752
-6.261105,53.34476
-6.252297,53.344767
-6.247122,53.34477
-6.251455,53.34478
-6.261806,53.344792
-6.252452,53.344794
-6.248987,53.344804
-6.25921,53.344807
-6.249124,53.344815
-6.252602,53.344819
-6.252285,53.344819
-6.249195,53.34482
-6.248137,53.344821
-6.256319,53.344822
-6.256051,53.344824
-6.249338,53.344831
-6.263354,53.344835
-6.249487,53.344841
-6.248814,53.344844
-6.247136,53.344845
-6.252755,53.344846
-6.261137,53.344847
-6.24704,53.344848
-6.247177,53.344853
-6.249638,53.344854
-6.257326,53.344855
-6.249148,53.344855
-6.257317,53.344864
-6.249866,53.344872
-6.251431,53.344873
-6.252908,53.344874
-6.261829,53.344881
-6.263323,53.344882
-6.259136,53.344883
-6.250021,53.344884
-6.250181,53.344897
-6.263188,53.344901
-6.263038,53.344903
-6.256043,53.344904
-6.25306,53.344904
-6.262502,53.344905
-6.253177,53.344906
-6.262885,53.344907
-6.262348,53.344907
-6.256276,53.344908
-6.262195,53.344909
-6.262652,53.34491
-6.262728,53.34491
-6.250377,53.344912
-6.262036,53.344913
-6.25641,53.344914
-6.256552,53.344917
-6.249816,53.34492
-6.248045,53.344924
-6.250524,53.344925
-6.256639,53.344925
-6.256834,53.344928
-6.256789,53.344929
-6.256298,53.34493
-6.256947,53.344931
-6.247241,53.344933
-6.26117,53.344934
-6.248759,53.344934
-6.250674,53.34494
-6.257091,53.344941
-6.252241,53.344942
-6.257262,53.344944
-6.249117,53.344948
-6.250829,53.34495
-6.25329,53.344953
-6.250987,53.344962
-6.246931,53.344963
-6.247954,53.344969
-6.257211,53.34497
-6.25906,53.344974
-6.251147,53.344977
-6.248163,53.344982
-6.253439,53.344983
-6.256034,53.344984
-6.251396,53.344987
-6.256292,53.345005
-6.247319,53.345007
-6.251312,53.345009
-6.253584,53.345011
-6.261185,53.345019
-6.248705,53.345022
-6.251402,53.345029
-6.252227,53.345032
-6.246847,53.345036
-6.2491,53.345036
-6.253727,53.345038
-6.249784,53.345038
-6.259165,53.345041
-6.247867,53.345051
-6.257203,53.345055
-6.258977,53.345057
-6.253871,53.345064
-6.256024,53.345068
-6.247415,53.345075
-6.253153,53.345075
-6.25401,53.345089
-6.249932,53.345102
-6.248652,53.345106
-6.256281,53.345109
-6.250162,53.345109
-6.250279,53.34511
-6.246751,53.345115
-6.254147,53.345115
-6.250043,53.345117
-6.250391,53.345118
-6.252213,53.345122
-6.251385,53.345122
-6.250536,53.345124
-6.254238,53.345128
-6.247803,53.345128
-6.257197,53.345133
-6.259144,53.345136
-6.247529,53.345136
-6.250682,53.345136
-6.258842,53.345141
-6.250835,53.345151
-6.256015,53.345153
-6.254383,53.345156
-6.25627,53.345157
-6.253141,53.345168
-6.250954,53.345179
-6.246723,53.34518
-6.246915,53.345188
-6.247699,53.345189
-6.248599,53.345189
-6.25455,53.345189
-6.24765,53.345192
-6.258729,53.345192
-6.254604,53.345199
-6.24706,53.345206
-6.252324,53.345209
-6.2522,53.345212
-6.251368,53.345212
-6.252475,53.345216
-6.252608,53.345222
-6.254721,53.345224
-6.252749,53.345227
-6.25913,53.345227
-6.247208,53.345229
-6.25506,53.345229
-6.2491,53.345232
-6.256005,53.345233
-6.25719,53.345236
-6.256235,53.345237
-6.249294,53.34524
-6.251022,53.345247
-6.254855,53.345251
-6.247352,53.345255
-6.255207,53.345265
-6.249437,53.345266
-6.247835,53.345268
-6.248546,53.345272
-6.253119,53.345275
-6.254961,53.345276
-6.247497,53.345282
-6.256405,53.345296
-6.256543,53.3453
-6.251352,53.345301
-6.252186,53.345303
-6.255376,53.345305
-6.247642,53.34531
-6.258762,53.345313
-6.256667,53.345313
-6.259112,53.345315
-6.247967,53.345317
-6.258609,53.34532
-6.256817,53.34532
-6.258909,53.345321
-6.256972,53.345322
-6.257125,53.345323
-6.249106,53.345325
-6.247786,53.345339
-6.248035,53.345342
-6.251001,53.345342
-6.255983,53.345345
-6.24972,53.345345
-6.258463,53.34535
-6.249046,53.345351
-6.247935,53.345353
-6.259044,53.345355
-6.248491,53.345355
-6.260539,53.345359
-6.255101,53.345361
-6.249558,53.345363
-6.253104,53.345363
-6.25561,53.345373
-6.259095,53.345388
-6.248172,53.345388
-6.251338,53.34539
-6.258337,53.345392
-6.252171,53.345393
-6.249901,53.345404
-6.255749,53.345409
-6.250048,53.345419
-6.255094,53.34542
-6.250983,53.345425
-6.248313,53.34543
-6.250192,53.345433
-6.258207,53.345436
-6.24902,53.345439
-6.250336,53.345448
-6.255935,53.34545
-6.253089,53.345454
-6.248463,53.345468
-6.250476,53.34547
-6.259153,53.345473
-6.256022,53.345476
-6.251321,53.345477
-6.25808,53.345478
-6.252156,53.345484
-6.260589,53.345491
-6.250616,53.345494
-6.250913,53.345494
-6.248614,53.345501
-6.250764,53.345502
-6.256156,53.34551
-6.257947,53.345521
-6.255091,53.345528
-6.249013,53.34553
-6.248772,53.34553
-6.253076,53.34554
-6.256301,53.345542
-6.259137,53.345544
-6.248915,53.345551
-6.24899,53.34556
-6.25781,53.345563
-6.25644,53.345567
-6.248363,53.345574
-6.252141,53.345577
-6.249185,53.345578
-6.260594,53.345584
-6.24931,53.345585
-6.249373,53.345589
-6.256627,53.345592
-6.251288,53.345598
-6.249512,53.345599
-6.257669,53.345604
-6.257507,53.345606
-6.257033,53.345608
-6.249655,53.34561
-6.257252,53.345615
-6.25509,53.345618
-6.249797,53.345621
-6.253056,53.345624
-6.249945,53.345634
-6.256838,53.345635
-6.257001,53.345638
-6.262848,53.345641
-6.262491,53.345642
-6.250095,53.345648
-6.262341,53.345658
-6.248323,53.345663
-6.250246,53.345664
-6.262202,53.345667
-6.252121,53.345669
-6.25124,53.345672
-6.262033,53.345674
-6.257033,53.345677
-6.250399,53.34568
-6.261629,53.345681
-6.261486,53.345687
-6.25738,53.345687
-6.250475,53.345689
-6.261826,53.345692
-6.261336,53.345693
-6.259198,53.345694
-6.261183,53.345701
-6.260606,53.345702
-6.250626,53.345704
-6.261769,53.345709
-6.2551,53.345711
-6.261031,53.345712
-6.25304,53.345714
-6.250776,53.345717
-6.260876,53.345724
-6.262866,53.345727
-6.250927,53.34573
-6.251227,53.345733
-6.249314,53.345733
-6.260725,53.345735
-6.260595,53.345742
-6.251082,53.345743
-6.260418,53.345749
-6.248287,53.345751
-6.260269,53.345758
-6.257302,53.345761
-6.252098,53.345763
-6.251381,53.345765
-6.256965,53.345767
-6.260118,53.345772
-6.25153,53.345775
-6.25921,53.345779
-6.255146,53.345782
-6.251681,53.345784
-6.259962,53.345788
-6.262502,53.345792
-6.251837,53.345792
-6.260576,53.345798
-6.259808,53.345799
-6.251995,53.345801
-6.253046,53.345804
-6.261794,53.345806
-6.252146,53.345809
-6.252087,53.345811
-6.253027,53.345814
-6.262867,53.345816
-6.247353,53.345818
-6.252301,53.345819
-6.250376,53.34582
-6.259656,53.345821
-6.259352,53.345822
-6.249291,53.345823
-6.252459,53.345827
-6.259503,53.345828
-6.249083,53.345833
-6.25261,53.345834
-6.248248,53.345837
-6.252753,53.34584
-6.248932,53.345845
-6.248879,53.345847
-6.252904,53.345848
-6.257316,53.345849
-6.258971,53.345855
-6.253063,53.345856
-6.249228,53.345859
-6.253315,53.345861
-6.253223,53.345865
-6.25919,53.345867
-6.253382,53.345873
-6.258831,53.345876
-6.255146,53.345876
-6.259237,53.345877
-6.253532,53.34588
-6.253682,53.345883
-6.262511,53.345883
-6.253827,53.345886
-6.258685,53.345887
-6.257347,53.345891
-6.253979,53.345892
-6.256857,53.345893
-6.258537,53.345898
-6.261796,53.345899
-6.254135,53.345899
-6.257453,53.3459
-6.257765,53.345901
-6.257618,53.345902
-6.255036,53.345903
-6.254289,53.345904
-6.262863,53.345905
-6.258385,53.345906
-6.254864,53.345909
-6.25036,53.345909
-6.254701,53.345909
-6.254517,53.345909
-6.254393,53.34591
-6.257926,53.345911
-6.252067,53.345912
-6.258246,53.345912
-6.256964,53.345916
-6.258108,53.345917
-6.257193,53.345921
-6.248207,53.345923
-6.260591,53.345923
-6.248928,53.345925
-6.255371,53.345925
-6.255537,53.345926
-6.255687,53.345926
-6.255839,53.345928
-6.255992,53.34593
-6.256147,53.345934
-6.255219,53.345941
-6.249082,53.345942
-6.256295,53.345944
-6.247429,53.34595
-6.256439,53.34595
-6.259894,53.345952
-6.249223,53.345954
-6.247326,53.345956
-6.256594,53.345961
-6.252062,53.345964
-6.249279,53.345966
-6.257004,53.345968
-6.259183,53.34597
-6.247568,53.345972
-6.262521,53.345975
-6.256753,53.345981
-6.255174,53.345986
-6.247713,53.345988
-6.261797,53.345989
-6.263489,53.345994
-6.262888,53.345994
-6.25035,53.346001
-6.263415,53.346005
-6.248166,53.346009
-6.254064,53.346011
-6.24788,53.346011
-6.260602,53.346015
-6.256902,53.346018
-6.263266,53.346027
-6.250348,53.346031
-6.247301,53.346038
-6.248025,53.346041
-6.259905,53.346046
-6.263113,53.346051
-6.249267,53.34606
-6.261771,53.346063
-6.25919,53.346067
-6.25748,53.346076
-6.25205,53.346076
-6.262957,53.346079
-6.261631,53.34608
-6.255168,53.346088
-6.262882,53.346094
-6.261485,53.346096
-6.249251,53.346098
-6.248124,53.346099
-6.254045,53.346109
-6.248267,53.346109
-6.261334,53.346111
-6.260611,53.346114
-6.2618,53.346121
-6.247267,53.346125
-6.262734,53.346129
-6.256979,53.346132
-6.25034,53.346132
-6.257601,53.346135
-6.261186,53.346135
-6.248456,53.346137
-6.259918,53.346138
-6.248103,53.346143
-6.248587,53.346146
-6.262988,53.346152
-6.261035,53.346157
-6.259192,53.346161
-6.248565,53.346162
-6.252041,53.346163
-6.262578,53.346164
-6.248709,53.346165
-6.260888,53.346173
-6.248363,53.346175
-6.262498,53.346182
-6.24886,53.346183
-6.255171,53.346184
-6.260592,53.346186
-6.26072,53.346189
-6.254033,53.346195
-6.257719,53.346202
-6.249009,53.346204
-6.26181,53.346205
-6.247235,53.346207
-6.262366,53.34621
-6.260402,53.346219
-6.248523,53.34622
-6.257002,53.346221
-6.250327,53.346228
-6.257834,53.34623
-6.249281,53.346232
-6.248061,53.346233
-6.26304,53.346236
-6.260249,53.346237
-6.249371,53.346239
-6.262229,53.346241
-6.259191,53.346255
-6.26011,53.346256
-6.252032,53.346258
-6.249533,53.346261
-6.259956,53.346262
-6.262086,53.346272
-6.249059,53.346274
-6.255176,53.346279
-6.261917,53.34628
-6.249675,53.34628
-6.250299,53.346284
-6.260625,53.346293
-6.257931,53.346294
-6.249823,53.346299
-6.261779,53.346305
-6.252026,53.346306
-6.247368,53.346308
-6.248499,53.34631
-6.257024,53.346313
-6.254022,53.346314
-6.263091,53.346323
-6.248018,53.346324
-6.247165,53.346325
-6.249994,53.346336
-6.250197,53.346339
-6.259189,53.346345
-6.258029,53.346361
-6.261616,53.346372
-6.255178,53.346373
-6.259962,53.346374
-6.25062,53.346379
-6.260637,53.346381
-6.252015,53.346394
-6.250769,53.346398
-6.248472,53.346401
-6.261485,53.346403
-6.25705,53.346406
-6.263146,53.346408
-6.250917,53.346417
-6.247977,53.346417
-6.25401,53.346423
-6.258129,53.346428
-6.261344,53.346429
-6.25108,53.346437
-6.261195,53.346454
-6.251216,53.346455
-6.250264,53.346459
-6.255178,53.346465
-6.259976,53.346467
-6.251366,53.346475
-6.260649,53.346476
-6.261047,53.346483
-6.252004,53.346483
-6.248454,53.346489
-6.257089,53.346491
-6.263201,53.346494
-6.25823,53.346497
-6.251552,53.346503
-6.253996,53.346508
-6.247943,53.346511
-6.260904,53.346516
-6.263556,53.346532
-6.251741,53.346533
-6.250245,53.346547
-6.260761,53.346549
-6.255178,53.346554
-6.259987,53.346555
-6.263412,53.346563
-6.258333,53.346566
-6.248476,53.346573
-6.251993,53.346573
-6.257121,53.346578
-6.253981,53.346591
-6.263258,53.346597
-6.260545,53.346598
-6.247917,53.346607
-6.246766,53.346608
-6.263182,53.346614
-6.251984,53.346618
-6.263391,53.346624
-6.246916,53.346628
-6.24784,53.34663
-6.263104,53.346631
-6.260405,53.346631
-6.258439,53.346637
-6.250225,53.346639
-6.255176,53.34664
-6.260001,53.346641
-6.247063,53.346647
-6.258193,53.346649
-6.247919,53.346654
-6.262955,53.346662
-6.260264,53.346664
-6.247209,53.346665
-6.257136,53.346671
-6.25397,53.346674
-6.247707,53.34668
-6.247355,53.346682
-6.262809,53.346693
-6.247496,53.346694
-6.247561,53.346695
-6.260119,53.346698
-6.251969,53.346707
-6.258543,53.34671
-6.262647,53.346725
-6.247978,53.346734
-6.250203,53.346734
-6.247591,53.34674
-6.2599,53.34675
-6.262527,53.346754
-6.25397,53.346767
-6.257126,53.346769
-6.247828,53.346782
-6.24809,53.346783
-6.259081,53.346784
-6.25976,53.346785
-6.262384,53.346786
-6.251956,53.346798
-6.254319,53.3468
-6.254461,53.346801
-6.25417,53.346803
-6.254609,53.346804
-6.254794,53.34681
-6.248222,53.34681
-6.262241,53.346817
-6.257086,53.346817
-6.254957,53.346819
-6.259617,53.346823
-6.249065,53.346823
-6.255285,53.346823
-6.255118,53.346829
-6.248364,53.34683
-6.258669,53.346835
-6.257155,53.346837
-6.255448,53.346838
-6.253992,53.34684
-6.259232,53.346843
-6.250178,53.346844
-6.255598,53.346847
-6.248509,53.346849
-6.262098,53.346849
-6.255748,53.34685
-6.255946,53.346854
-6.256886,53.346858
-6.256449,53.346858
-6.256293,53.346858
-6.256126,53.346858
-6.256602,53.346859
-6.259469,53.346861
-6.256745,53.346862
-6.248652,53.346868
-6.259303,53.34687
-6.261956,53.346882
-6.248796,53.346887
-6.255937,53.346889
-6.251943,53.346889
-6.255051,53.346906
-6.248944,53.346907
-6.261804,53.346914
-6.250167,53.346925
-6.257175,53.34694
-6.253974,53.346942
-6.249241,53.346946
-6.249077,53.346948
-6.259174,53.346952
-6.261622,53.346955
-6.259087,53.346962
-6.249391,53.346966
-6.248064,53.346967
-6.259102,53.346968
-6.258634,53.346976
-6.255929,53.346982
-6.251929,53.346983
-6.249545,53.346987
-6.261487,53.346987
-6.258962,53.346998
-6.249697,53.347007
-6.250156,53.34701
-6.258526,53.347012
-6.261323,53.34702
-6.261734,53.347024
-6.249847,53.347026
-6.253959,53.347028
-6.258391,53.347046
-6.249999,53.347046
-6.259081,53.347048
-6.261153,53.347053
-6.248059,53.347055
-6.257199,53.347061
-6.250122,53.347064
-6.258819,53.347071
-6.255912,53.347073
-6.251913,53.347076
-6.250224,53.347078
-6.258251,53.347091
-6.261013,53.347093
-6.25037,53.347098
-6.253951,53.347113
-6.250517,53.347118
-6.260933,53.34712
-6.250667,53.347137
-6.258113,53.347144
-6.248051,53.347145
-6.257201,53.347146
-6.2591,53.347154
-6.258869,53.347155
-6.250818,53.347157
-6.255907,53.34716
-6.251895,53.347165
-6.260805,53.34717
-6.250969,53.347178
-6.257983,53.347186
-6.263433,53.347196
-6.251121,53.3472
-6.25394,53.347206
-6.257853,53.347217
-6.260677,53.347219
-6.251274,53.347225
-6.248032,53.347234
-6.258916,53.347237
-6.255911,53.347244
-6.257715,53.347248
-6.251875,53.347251
-6.257181,53.347254
-6.251423,53.347257
-6.260543,53.347258
-6.259151,53.347264
-6.261037,53.347268
-6.254274,53.347272
-6.254445,53.347277
-6.25757,53.347278
-6.253927,53.34729
-6.260406,53.34729
-6.25428,53.347291
-6.25743,53.347303
-6.251559,53.347304
-6.26322,53.347309
-6.258961,53.347319
-6.257341,53.347321
-6.248019,53.347323
-6.263418,53.347326
-6.260245,53.347327
-6.251842,53.34734
-6.26309,53.347341
-6.25593,53.347342
-6.257233,53.34735
-6.259203,53.347355
-6.257108,53.34736
-6.261083,53.34736
-6.260081,53.347368
-6.251656,53.347373
-6.256945,53.347383
-6.262958,53.347385
-6.26001,53.347389
-6.25391,53.347394
-6.252092,53.347399
-6.252006,53.347401
-6.256781,53.347404
-6.259007,53.347405
-6.252257,53.347406
-6.257233,53.347409
-6.248002,53.347409
-6.252417,53.347411
-6.252576,53.347415
-6.252732,53.347418
-6.262828,53.347419
-6.252885,53.34742
-6.253037,53.347423
-6.255965,53.347423
-6.253188,53.347426
-6.256579,53.347426
-6.259881,53.347427
-6.253338,53.34743
-6.25349,53.347434
-6.251797,53.347435
-6.259251,53.347437
-6.253641,53.347439
-6.263462,53.347441
-6.253787,53.347443
-6.25643,53.347444
-6.261127,53.347448
-6.262691,53.34745
-6.254085,53.347451
-6.255135,53.347452
-6.254234,53.347454
-6.251701,53.347458
-6.254384,53.347458
-6.254528,53.347461
-6.25628,53.347461
-6.257369,53.347463
-6.254685,53.347464
-6.256122,53.347469
-6.254734,53.34747
-6.255293,53.347473
-6.255453,53.347474
-6.259719,53.347475
-6.255609,53.347478
-6.262552,53.347479
-6.259551,53.347479
-6.255005,53.347481
-6.255918,53.347482
-6.255764,53.347483
-6.254912,53.347484
-6.259056,53.347496
-6.262405,53.347503
-6.260072,53.347504
-6.247983,53.347505
-6.257253,53.347514
-6.259261,53.347524
-6.26349,53.347527
-6.251761,53.347533
-6.261167,53.347535
-6.262268,53.347538
-6.259489,53.347551
-6.257383,53.347553
-6.259408,53.347559
-6.262127,53.347571
-6.258957,53.347572
-6.251747,53.347583
-6.259103,53.347584
-6.247969,53.347593
-6.260098,53.347593
-6.261984,53.347602
-6.258983,53.347607
-6.25727,53.347617
-6.263517,53.347618
-6.261204,53.347622
-6.259127,53.347627
-6.261844,53.347632
-6.258829,53.347635
-6.257398,53.347643
-6.259449,53.347645
-6.261701,53.347665
-6.258688,53.347668
-6.247954,53.347684
-6.260122,53.347685
-6.25172,53.347693
-6.261559,53.347699
-6.258539,53.347702
-6.259178,53.347721
-6.261422,53.347727
-6.257414,53.347736
-6.258387,53.347736
-6.257289,53.347736
-6.259492,53.347741
-6.26128,53.347762
-6.258242,53.347768
-6.247931,53.347775
-6.260149,53.347778
-6.261128,53.347796
-6.258102,53.347801
-6.25169,53.347812
-6.260983,53.347828
-6.259537,53.347831
-6.25796,53.347834
-6.259242,53.347839
-6.260838,53.347856
-6.247926,53.347864
-6.260177,53.347866
-6.257815,53.347867
-6.260694,53.347881
-6.257672,53.3479
-6.260553,53.34791
-6.259573,53.347916
-6.2576,53.347916
-6.259321,53.347931
-6.251655,53.347933
-6.257464,53.347937
-6.254932,53.347944
-6.260217,53.347955
-6.260421,53.347958
-6.257378,53.34796
